Clade	Phylo_Classification	Num_samples_microbe	Num_samples_genome	TLR	TLR_unique	LRR_7725	LRR_7725_unique	LRR_13516	LRR_13516	LRR_13855	LRR_13855_unique	LRR_560	LRR_560_unique	LRR_12799	LRR_12799_unique	LRR_18837	LRR_18837_unique	LRR_13519	LRR_13519_unique	TIR_total	TIR_total_unique	LRR_total	LRR_total_unique	obs_asvs	ln_asvs	dominance	gini_index	simpson_e	faith_pd
A_CCMP_2464_rt61SmicroadriaticumA1	Clade	18	8	4.5	4.25	0.375	0.375	72.625	65.5	80.875	69.75	26.375	22.625	80.375	69.75	0	0	35.75	29.875	4.5	4.25	296.375	257.875	141.06	4.95	0.050555556	0.990722222	0.171166667	26.32222222
B_CCMP_2460_rt002_Sminutum	Clade	12	1	11	11	0	0	93	82	262	179	59	46	147	90	2	2	21	21	11	11	584	420	121.25	4.8	0.0425	0.990916667	0.21475	22.49166667
C_CCMP_2466_rt152_tclS_goreaui	Clade	6	2	10	8	0	0	143	83	278	143.5	86	58	214	117	0	0	153	59	10	8	873	460	128	4.85	0.036666667	0.990166667	0.2305	22.25
D_KF740689_CCMP_2556_Strenchii	Clade	9	1	5	4	0	0	103	67	489	328	58	35	156	102	0	0	100	47	5	4	906	579	115.2	4.75	0.071111111	0.993555556	0.141	22.7
F_CCMP_2468_Skawagutii_rt135	Clade	9	1	10	10	0	0	114	70	151	94	61	43	128	82	1	1	28	21	10	10	483	311	125	4.83	0.033333333	0.990444444	0.256555556	25.23333333
